filename	title	description	tags	playlist	thumbnail	privacy
video1.mp4	Greatest Comebacks Every True Football Supporter Should Experience Alpha 1	Relive dramatic football comebacks where determination, teamwork, and belief transformed difficult matches into unforgettable victories. This collection highlights memorable football action, remarkable teamwork, tactical brilliance, and exciting match moments presented in the Alpha 1 edition.	football,comeback,soccer,epic matches,resilience,teamwork,football highlights,match action,alpha-1	Football	Greatest Comebacks	Public
video2.mp4	Brilliant Solo Goals Every True Football Supporter Should Experience Bravo 1	Watch breathtaking solo goals created through exceptional dribbling, speed, balance, and clinical finishing. This collection highlights memorable football action, remarkable teamwork, tactical brilliance, and exciting match moments presented in the Bravo 1 edition.	football,solo goals,dribbling,finishing,skills,soccer,football highlights,match action,bravo-1	Football	Brilliant Solo Goals	Public
video3.mp4	Midfield Masterclasses Every True Football Supporter Should Experience Crimson 1	Discover how elite midfielders controlled the tempo, created chances, and inspired their teams. This collection highlights memorable football action, remarkable teamwork, tactical brilliance, and exciting match moments presented in the Crimson 1 edition.	football,midfield,playmaking,vision,passing,soccer,football highlights,match action,crimson-1	Football	Midfield Masterclasses	Public
video4.mp4	Goalkeeping Saves Every True Football Supporter Should Experience Diamond 1	Enjoy spectacular saves from world-class goalkeepers who protected their teams under pressure. This collection highlights memorable football action, remarkable teamwork, tactical brilliance, and exciting match moments presented in the Diamond 1 edition.	football,goalkeeper,saves,reflexes,clean sheets,soccer,football highlights,match action,diamond-1	Football	Goalkeeping Saves	Public
video5.mp4	Defensive Excellence Every True Football Supporter Should Experience Emerald 1	See perfectly timed tackles, blocks, interceptions, and disciplined defending from top players. This collection highlights memorable football action, remarkable teamwork, tactical brilliance, and exciting match moments presented in the Emerald 1 edition.	football,defending,tackles,interceptions,defense,soccer,football highlights,match action,emerald-1	Football	Defensive Excellence	Public
video6.mp4	Free Kick Magic Every True Football Supporter Should Experience Falcon 1	Experience stunning free kicks curled into the net with remarkable precision and technique. This collection highlights memorable football action, remarkable teamwork, tactical brilliance, and exciting match moments presented in the Falcon 1 edition.	football,free kicks,set pieces,precision,goals,soccer,football highlights,match action,falcon-1	Football	Free Kick Magic	Public
video7.mp4	Champions League Nights Every True Football Supporter Should Experience Galaxy 1	Celebrate unforgettable European football nights filled with passion, intensity, and iconic moments. This collection highlights memorable football action, remarkable teamwork, tactical brilliance, and exciting match moments presented in the Galaxy 1 edition.	football,champions league,europe,highlights,elite,soccer,football highlights,match action,galaxy-1	Football	Champions League Nights	Public
video8.mp4	World Cup Memories Every True Football Supporter Should Experience Hero 1	Revisit unforgettable World Cup moments that inspired football supporters across generations. This collection highlights memorable football action, remarkable teamwork, tactical brilliance, and exciting match moments presented in the Hero 1 edition.	football,world cup,international,tournament,history,soccer,football highlights,match action,hero-1	Football	World Cup Memories	Public
video9.mp4	Derby Rivalries Every True Football Supporter Should Experience Infinity 1	Feel the excitement of fierce local rivalries where every challenge and goal mattered. This collection highlights memorable football action, remarkable teamwork, tactical brilliance, and exciting match moments presented in the Infinity 1 edition.	football,derby,rivalry,passion,stadium,soccer,football highlights,match action,infinity-1	Football	Derby Rivalries	Public
video10.mp4	Attacking Football Every True Football Supporter Should Experience Jubilee 1	Enjoy fast attacking moves, creative passing, and exciting finishes from elite teams. This collection highlights memorable football action, remarkable teamwork, tactical brilliance, and exciting match moments presented in the Jubilee 1 edition.	football,attack,passing,goals,offense,soccer,football highlights,match action,jubilee-1	Football	Attacking Football	Public
video11.mp4	Greatest Comebacks Every True Football Supporter Should Experience Kingdom 1	Relive dramatic football comebacks where determination, teamwork, and belief transformed difficult matches into unforgettable victories. This collection highlights memorable football action, remarkable teamwork, tactical brilliance, and exciting match moments presented in the Kingdom 1 edition.	football,comeback,soccer,epic matches,resilience,teamwork,football highlights,match action,kingdom-1	Football	Greatest Comebacks	Public
video12.mp4	Brilliant Solo Goals Every True Football Supporter Should Experience Legacy 1	Watch breathtaking solo goals created through exceptional dribbling, speed, balance, and clinical finishing. This collection highlights memorable football action, remarkable teamwork, tactical brilliance, and exciting match moments presented in the Legacy 1 edition.	football,solo goals,dribbling,finishing,skills,soccer,football highlights,match action,legacy-1	Football	Brilliant Solo Goals	Public
video13.mp4	Midfield Masterclasses Every True Football Supporter Should Experience Momentum 1	Discover how elite midfielders controlled the tempo, created chances, and inspired their teams. This collection highlights memorable football action, remarkable teamwork, tactical brilliance, and exciting match moments presented in the Momentum 1 edition.	football,midfield,playmaking,vision,passing,soccer,football highlights,match action,momentum-1	Football	Midfield Masterclasses	Public
video14.mp4	Goalkeeping Saves Every True Football Supporter Should Experience Nova 1	Enjoy spectacular saves from world-class goalkeepers who protected their teams under pressure. This collection highlights memorable football action, remarkable teamwork, tactical brilliance, and exciting match moments presented in the Nova 1 edition.	football,goalkeeper,saves,reflexes,clean sheets,soccer,football highlights,match action,nova-1	Football	Goalkeeping Saves	Public
video15.mp4	Defensive Excellence Every True Football Supporter Should Experience Olympus 1	See perfectly timed tackles, blocks, interceptions, and disciplined defending from top players. This collection highlights memorable football action, remarkable teamwork, tactical brilliance, and exciting match moments presented in the Olympus 1 edition.	football,defending,tackles,interceptions,defense,soccer,football highlights,match action,olympus-1	Football	Defensive Excellence	Public
video16.mp4	Free Kick Magic Every True Football Supporter Should Experience Phoenix 1	Experience stunning free kicks curled into the net with remarkable precision and technique. This collection highlights memorable football action, remarkable teamwork, tactical brilliance, and exciting match moments presented in the Phoenix 1 edition.	football,free kicks,set pieces,precision,goals,soccer,football highlights,match action,phoenix-1	Football	Free Kick Magic	Public
video17.mp4	Champions League Nights Every True Football Supporter Should Experience Quantum 1	Celebrate unforgettable European football nights filled with passion, intensity, and iconic moments. This collection highlights memorable football action, remarkable teamwork, tactical brilliance, and exciting match moments presented in the Quantum 1 edition.	football,champions league,europe,highlights,elite,soccer,football highlights,match action,quantum-1	Football	Champions League Nights	Public
video18.mp4	World Cup Memories Every True Football Supporter Should Experience Royal 1	Revisit unforgettable World Cup moments that inspired football supporters across generations. This collection highlights memorable football action, remarkable teamwork, tactical brilliance, and exciting match moments presented in the Royal 1 edition.	football,world cup,international,tournament,history,soccer,football highlights,match action,royal-1	Football	World Cup Memories	Public
video19.mp4	Derby Rivalries Every True Football Supporter Should Experience Summit 1	Feel the excitement of fierce local rivalries where every challenge and goal mattered. This collection highlights memorable football action, remarkable teamwork, tactical brilliance, and exciting match moments presented in the Summit 1 edition.	football,derby,rivalry,passion,stadium,soccer,football highlights,match action,summit-1	Football	Derby Rivalries	Public
video20.mp4	Attacking Football Every True Football Supporter Should Experience Titan 1	Enjoy fast attacking moves, creative passing, and exciting finishes from elite teams. This collection highlights memorable football action, remarkable teamwork, tactical brilliance, and exciting match moments presented in the Titan 1 edition.	football,attack,passing,goals,offense,soccer,football highlights,match action,titan-1	Football	Attacking Football	Public
video21.mp4	Greatest Comebacks Every True Football Supporter Should Experience Alpha 2	Relive dramatic football comebacks where determination, teamwork, and belief transformed difficult matches into unforgettable victories. This collection highlights memorable football action, remarkable teamwork, tactical brilliance, and exciting match moments presented in the Alpha 2 edition.	football,comeback,soccer,epic matches,resilience,teamwork,football highlights,match action,alpha-2	Football	Greatest Comebacks	Public
video22.mp4	Brilliant Solo Goals Every True Football Supporter Should Experience Bravo 2	Watch breathtaking solo goals created through exceptional dribbling, speed, balance, and clinical finishing. This collection highlights memorable football action, remarkable teamwork, tactical brilliance, and exciting match moments presented in the Bravo 2 edition.	football,solo goals,dribbling,finishing,skills,soccer,football highlights,match action,bravo-2	Football	Brilliant Solo Goals	Public
video23.mp4	Midfield Masterclasses Every True Football Supporter Should Experience Crimson 2	Discover how elite midfielders controlled the tempo, created chances, and inspired their teams. This collection highlights memorable football action, remarkable teamwork, tactical brilliance, and exciting match moments presented in the Crimson 2 edition.	football,midfield,playmaking,vision,passing,soccer,football highlights,match action,crimson-2	Football	Midfield Masterclasses	Public
video24.mp4	Goalkeeping Saves Every True Football Supporter Should Experience Diamond 2	Enjoy spectacular saves from world-class goalkeepers who protected their teams under pressure. This collection highlights memorable football action, remarkable teamwork, tactical brilliance, and exciting match moments presented in the Diamond 2 edition.	football,goalkeeper,saves,reflexes,clean sheets,soccer,football highlights,match action,diamond-2	Football	Goalkeeping Saves	Public
video25.mp4	Defensive Excellence Every True Football Supporter Should Experience Emerald 2	See perfectly timed tackles, blocks, interceptions, and disciplined defending from top players. This collection highlights memorable football action, remarkable teamwork, tactical brilliance, and exciting match moments presented in the Emerald 2 edition.	football,defending,tackles,interceptions,defense,soccer,football highlights,match action,emerald-2	Football	Defensive Excellence	Public
video26.mp4	Free Kick Magic Every True Football Supporter Should Experience Falcon 2	Experience stunning free kicks curled into the net with remarkable precision and technique. This collection highlights memorable football action, remarkable teamwork, tactical brilliance, and exciting match moments presented in the Falcon 2 edition.	football,free kicks,set pieces,precision,goals,soccer,football highlights,match action,falcon-2	Football	Free Kick Magic	Public
video27.mp4	Champions League Nights Every True Football Supporter Should Experience Galaxy 2	Celebrate unforgettable European football nights filled with passion, intensity, and iconic moments. This collection highlights memorable football action, remarkable teamwork, tactical brilliance, and exciting match moments presented in the Galaxy 2 edition.	football,champions league,europe,highlights,elite,soccer,football highlights,match action,galaxy-2	Football	Champions League Nights	Public
video28.mp4	World Cup Memories Every True Football Supporter Should Experience Hero 2	Revisit unforgettable World Cup moments that inspired football supporters across generations. This collection highlights memorable football action, remarkable teamwork, tactical brilliance, and exciting match moments presented in the Hero 2 edition.	football,world cup,international,tournament,history,soccer,football highlights,match action,hero-2	Football	World Cup Memories	Public
video29.mp4	Derby Rivalries Every True Football Supporter Should Experience Infinity 2	Feel the excitement of fierce local rivalries where every challenge and goal mattered. This collection highlights memorable football action, remarkable teamwork, tactical brilliance, and exciting match moments presented in the Infinity 2 edition.	football,derby,rivalry,passion,stadium,soccer,football highlights,match action,infinity-2	Football	Derby Rivalries	Public
video30.mp4	Attacking Football Every True Football Supporter Should Experience Jubilee 2	Enjoy fast attacking moves, creative passing, and exciting finishes from elite teams. This collection highlights memorable football action, remarkable teamwork, tactical brilliance, and exciting match moments presented in the Jubilee 2 edition.	football,attack,passing,goals,offense,soccer,football highlights,match action,jubilee-2	Football	Attacking Football	Public
video31.mp4	Greatest Comebacks Every True Football Supporter Should Experience Kingdom 2	Relive dramatic football comebacks where determination, teamwork, and belief transformed difficult matches into unforgettable victories. This collection highlights memorable football action, remarkable teamwork, tactical brilliance, and exciting match moments presented in the Kingdom 2 edition.	football,comeback,soccer,epic matches,resilience,teamwork,football highlights,match action,kingdom-2	Football	Greatest Comebacks	Public
video32.mp4	Brilliant Solo Goals Every True Football Supporter Should Experience Legacy 2	Watch breathtaking solo goals created through exceptional dribbling, speed, balance, and clinical finishing. This collection highlights memorable football action, remarkable teamwork, tactical brilliance, and exciting match moments presented in the Legacy 2 edition.	football,solo goals,dribbling,finishing,skills,soccer,football highlights,match action,legacy-2	Football	Brilliant Solo Goals	Public
video33.mp4	Midfield Masterclasses Every True Football Supporter Should Experience Momentum 2	Discover how elite midfielders controlled the tempo, created chances, and inspired their teams. This collection highlights memorable football action, remarkable teamwork, tactical brilliance, and exciting match moments presented in the Momentum 2 edition.	football,midfield,playmaking,vision,passing,soccer,football highlights,match action,momentum-2	Football	Midfield Masterclasses	Public
video34.mp4	Goalkeeping Saves Every True Football Supporter Should Experience Nova 2	Enjoy spectacular saves from world-class goalkeepers who protected their teams under pressure. This collection highlights memorable football action, remarkable teamwork, tactical brilliance, and exciting match moments presented in the Nova 2 edition.	football,goalkeeper,saves,reflexes,clean sheets,soccer,football highlights,match action,nova-2	Football	Goalkeeping Saves	Public
video35.mp4	Defensive Excellence Every True Football Supporter Should Experience Olympus 2	See perfectly timed tackles, blocks, interceptions, and disciplined defending from top players. This collection highlights memorable football action, remarkable teamwork, tactical brilliance, and exciting match moments presented in the Olympus 2 edition.	football,defending,tackles,interceptions,defense,soccer,football highlights,match action,olympus-2	Football	Defensive Excellence	Public
video36.mp4	Free Kick Magic Every True Football Supporter Should Experience Phoenix 2	Experience stunning free kicks curled into the net with remarkable precision and technique. This collection highlights memorable football action, remarkable teamwork, tactical brilliance, and exciting match moments presented in the Phoenix 2 edition.	football,free kicks,set pieces,precision,goals,soccer,football highlights,match action,phoenix-2	Football	Free Kick Magic	Public
video37.mp4	Champions League Nights Every True Football Supporter Should Experience Quantum 2	Celebrate unforgettable European football nights filled with passion, intensity, and iconic moments. This collection highlights memorable football action, remarkable teamwork, tactical brilliance, and exciting match moments presented in the Quantum 2 edition.	football,champions league,europe,highlights,elite,soccer,football highlights,match action,quantum-2	Football	Champions League Nights	Public
video38.mp4	World Cup Memories Every True Football Supporter Should Experience Royal 2	Revisit unforgettable World Cup moments that inspired football supporters across generations. This collection highlights memorable football action, remarkable teamwork, tactical brilliance, and exciting match moments presented in the Royal 2 edition.	football,world cup,international,tournament,history,soccer,football highlights,match action,royal-2	Football	World Cup Memories	Public
video39.mp4	Derby Rivalries Every True Football Supporter Should Experience Summit 2	Feel the excitement of fierce local rivalries where every challenge and goal mattered. This collection highlights memorable football action, remarkable teamwork, tactical brilliance, and exciting match moments presented in the Summit 2 edition.	football,derby,rivalry,passion,stadium,soccer,football highlights,match action,summit-2	Football	Derby Rivalries	Public
video40.mp4	Attacking Football Every True Football Supporter Should Experience Titan 2	Enjoy fast attacking moves, creative passing, and exciting finishes from elite teams. This collection highlights memorable football action, remarkable teamwork, tactical brilliance, and exciting match moments presented in the Titan 2 edition.	football,attack,passing,goals,offense,soccer,football highlights,match action,titan-2	Football	Attacking Football	Public
video41.mp4	Greatest Comebacks Every True Football Supporter Should Experience Alpha 3	Relive dramatic football comebacks where determination, teamwork, and belief transformed difficult matches into unforgettable victories. This collection highlights memorable football action, remarkable teamwork, tactical brilliance, and exciting match moments presented in the Alpha 3 edition.	football,comeback,soccer,epic matches,resilience,teamwork,football highlights,match action,alpha-3	Football	Greatest Comebacks	Public
video42.mp4	Brilliant Solo Goals Every True Football Supporter Should Experience Bravo 3	Watch breathtaking solo goals created through exceptional dribbling, speed, balance, and clinical finishing. This collection highlights memorable football action, remarkable teamwork, tactical brilliance, and exciting match moments presented in the Bravo 3 edition.	football,solo goals,dribbling,finishing,skills,soccer,football highlights,match action,bravo-3	Football	Brilliant Solo Goals	Public
video43.mp4	Midfield Masterclasses Every True Football Supporter Should Experience Crimson 3	Discover how elite midfielders controlled the tempo, created chances, and inspired their teams. This collection highlights memorable football action, remarkable teamwork, tactical brilliance, and exciting match moments presented in the Crimson 3 edition.	football,midfield,playmaking,vision,passing,soccer,football highlights,match action,crimson-3	Football	Midfield Masterclasses	Public
video44.mp4	Goalkeeping Saves Every True Football Supporter Should Experience Diamond 3	Enjoy spectacular saves from world-class goalkeepers who protected their teams under pressure. This collection highlights memorable football action, remarkable teamwork, tactical brilliance, and exciting match moments presented in the Diamond 3 edition.	football,goalkeeper,saves,reflexes,clean sheets,soccer,football highlights,match action,diamond-3	Football	Goalkeeping Saves	Public
video45.mp4	Defensive Excellence Every True Football Supporter Should Experience Emerald 3	See perfectly timed tackles, blocks, interceptions, and disciplined defending from top players. This collection highlights memorable football action, remarkable teamwork, tactical brilliance, and exciting match moments presented in the Emerald 3 edition.	football,defending,tackles,interceptions,defense,soccer,football highlights,match action,emerald-3	Football	Defensive Excellence	Public
video46.mp4	Free Kick Magic Every True Football Supporter Should Experience Falcon 3	Experience stunning free kicks curled into the net with remarkable precision and technique. This collection highlights memorable football action, remarkable teamwork, tactical brilliance, and exciting match moments presented in the Falcon 3 edition.	football,free kicks,set pieces,precision,goals,soccer,football highlights,match action,falcon-3	Football	Free Kick Magic	Public
video47.mp4	Champions League Nights Every True Football Supporter Should Experience Galaxy 3	Celebrate unforgettable European football nights filled with passion, intensity, and iconic moments. This collection highlights memorable football action, remarkable teamwork, tactical brilliance, and exciting match moments presented in the Galaxy 3 edition.	football,champions league,europe,highlights,elite,soccer,football highlights,match action,galaxy-3	Football	Champions League Nights	Public
video48.mp4	World Cup Memories Every True Football Supporter Should Experience Hero 3	Revisit unforgettable World Cup moments that inspired football supporters across generations. This collection highlights memorable football action, remarkable teamwork, tactical brilliance, and exciting match moments presented in the Hero 3 edition.	football,world cup,international,tournament,history,soccer,football highlights,match action,hero-3	Football	World Cup Memories	Public
video49.mp4	Derby Rivalries Every True Football Supporter Should Experience Infinity 3	Feel the excitement of fierce local rivalries where every challenge and goal mattered. This collection highlights memorable football action, remarkable teamwork, tactical brilliance, and exciting match moments presented in the Infinity 3 edition.	football,derby,rivalry,passion,stadium,soccer,football highlights,match action,infinity-3	Football	Derby Rivalries	Public
video50.mp4	Attacking Football Every True Football Supporter Should Experience Jubilee 3	Enjoy fast attacking moves, creative passing, and exciting finishes from elite teams. This collection highlights memorable football action, remarkable teamwork, tactical brilliance, and exciting match moments presented in the Jubilee 3 edition.	football,attack,passing,goals,offense,soccer,football highlights,match action,jubilee-3	Football	Attacking Football	Public
video51.mp4	Greatest Comebacks Every True Football Supporter Should Experience Kingdom 3	Relive dramatic football comebacks where determination, teamwork, and belief transformed difficult matches into unforgettable victories. This collection highlights memorable football action, remarkable teamwork, tactical brilliance, and exciting match moments presented in the Kingdom 3 edition.	football,comeback,soccer,epic matches,resilience,teamwork,football highlights,match action,kingdom-3	Football	Greatest Comebacks	Public
video52.mp4	Brilliant Solo Goals Every True Football Supporter Should Experience Legacy 3	Watch breathtaking solo goals created through exceptional dribbling, speed, balance, and clinical finishing. This collection highlights memorable football action, remarkable teamwork, tactical brilliance, and exciting match moments presented in the Legacy 3 edition.	football,solo goals,dribbling,finishing,skills,soccer,football highlights,match action,legacy-3	Football	Brilliant Solo Goals	Public
video53.mp4	Midfield Masterclasses Every True Football Supporter Should Experience Momentum 3	Discover how elite midfielders controlled the tempo, created chances, and inspired their teams. This collection highlights memorable football action, remarkable teamwork, tactical brilliance, and exciting match moments presented in the Momentum 3 edition.	football,midfield,playmaking,vision,passing,soccer,football highlights,match action,momentum-3	Football	Midfield Masterclasses	Public
video54.mp4	Goalkeeping Saves Every True Football Supporter Should Experience Nova 3	Enjoy spectacular saves from world-class goalkeepers who protected their teams under pressure. This collection highlights memorable football action, remarkable teamwork, tactical brilliance, and exciting match moments presented in the Nova 3 edition.	football,goalkeeper,saves,reflexes,clean sheets,soccer,football highlights,match action,nova-3	Football	Goalkeeping Saves	Public
video55.mp4	Defensive Excellence Every True Football Supporter Should Experience Olympus 3	See perfectly timed tackles, blocks, interceptions, and disciplined defending from top players. This collection highlights memorable football action, remarkable teamwork, tactical brilliance, and exciting match moments presented in the Olympus 3 edition.	football,defending,tackles,interceptions,defense,soccer,football highlights,match action,olympus-3	Football	Defensive Excellence	Public
video56.mp4	Free Kick Magic Every True Football Supporter Should Experience Phoenix 3	Experience stunning free kicks curled into the net with remarkable precision and technique. This collection highlights memorable football action, remarkable teamwork, tactical brilliance, and exciting match moments presented in the Phoenix 3 edition.	football,free kicks,set pieces,precision,goals,soccer,football highlights,match action,phoenix-3	Football	Free Kick Magic	Public
video57.mp4	Champions League Nights Every True Football Supporter Should Experience Quantum 3	Celebrate unforgettable European football nights filled with passion, intensity, and iconic moments. This collection highlights memorable football action, remarkable teamwork, tactical brilliance, and exciting match moments presented in the Quantum 3 edition.	football,champions league,europe,highlights,elite,soccer,football highlights,match action,quantum-3	Football	Champions League Nights	Public
video58.mp4	World Cup Memories Every True Football Supporter Should Experience Royal 3	Revisit unforgettable World Cup moments that inspired football supporters across generations. This collection highlights memorable football action, remarkable teamwork, tactical brilliance, and exciting match moments presented in the Royal 3 edition.	football,world cup,international,tournament,history,soccer,football highlights,match action,royal-3	Football	World Cup Memories	Public
video59.mp4	Derby Rivalries Every True Football Supporter Should Experience Summit 3	Feel the excitement of fierce local rivalries where every challenge and goal mattered. This collection highlights memorable football action, remarkable teamwork, tactical brilliance, and exciting match moments presented in the Summit 3 edition.	football,derby,rivalry,passion,stadium,soccer,football highlights,match action,summit-3	Football	Derby Rivalries	Public
video60.mp4	Attacking Football Every True Football Supporter Should Experience Titan 3	Enjoy fast attacking moves, creative passing, and exciting finishes from elite teams. This collection highlights memorable football action, remarkable teamwork, tactical brilliance, and exciting match moments presented in the Titan 3 edition.	football,attack,passing,goals,offense,soccer,football highlights,match action,titan-3	Football	Attacking Football	Public
video61.mp4	Greatest Comebacks Every True Football Supporter Should Experience Alpha 4	Relive dramatic football comebacks where determination, teamwork, and belief transformed difficult matches into unforgettable victories. This collection highlights memorable football action, remarkable teamwork, tactical brilliance, and exciting match moments presented in the Alpha 4 edition.	football,comeback,soccer,epic matches,resilience,teamwork,football highlights,match action,alpha-4	Football	Greatest Comebacks	Public
video62.mp4	Brilliant Solo Goals Every True Football Supporter Should Experience Bravo 4	Watch breathtaking solo goals created through exceptional dribbling, speed, balance, and clinical finishing. This collection highlights memorable football action, remarkable teamwork, tactical brilliance, and exciting match moments presented in the Bravo 4 edition.	football,solo goals,dribbling,finishing,skills,soccer,football highlights,match action,bravo-4	Football	Brilliant Solo Goals	Public
video63.mp4	Midfield Masterclasses Every True Football Supporter Should Experience Crimson 4	Discover how elite midfielders controlled the tempo, created chances, and inspired their teams. This collection highlights memorable football action, remarkable teamwork, tactical brilliance, and exciting match moments presented in the Crimson 4 edition.	football,midfield,playmaking,vision,passing,soccer,football highlights,match action,crimson-4	Football	Midfield Masterclasses	Public
video64.mp4	Goalkeeping Saves Every True Football Supporter Should Experience Diamond 4	Enjoy spectacular saves from world-class goalkeepers who protected their teams under pressure. This collection highlights memorable football action, remarkable teamwork, tactical brilliance, and exciting match moments presented in the Diamond 4 edition.	football,goalkeeper,saves,reflexes,clean sheets,soccer,football highlights,match action,diamond-4	Football	Goalkeeping Saves	Public
video65.mp4	Defensive Excellence Every True Football Supporter Should Experience Emerald 4	See perfectly timed tackles, blocks, interceptions, and disciplined defending from top players. This collection highlights memorable football action, remarkable teamwork, tactical brilliance, and exciting match moments presented in the Emerald 4 edition.	football,defending,tackles,interceptions,defense,soccer,football highlights,match action,emerald-4	Football	Defensive Excellence	Public
video66.mp4	Free Kick Magic Every True Football Supporter Should Experience Falcon 4	Experience stunning free kicks curled into the net with remarkable precision and technique. This collection highlights memorable football action, remarkable teamwork, tactical brilliance, and exciting match moments presented in the Falcon 4 edition.	football,free kicks,set pieces,precision,goals,soccer,football highlights,match action,falcon-4	Football	Free Kick Magic	Public
video67.mp4	Champions League Nights Every True Football Supporter Should Experience Galaxy 4	Celebrate unforgettable European football nights filled with passion, intensity, and iconic moments. This collection highlights memorable football action, remarkable teamwork, tactical brilliance, and exciting match moments presented in the Galaxy 4 edition.	football,champions league,europe,highlights,elite,soccer,football highlights,match action,galaxy-4	Football	Champions League Nights	Public
video68.mp4	World Cup Memories Every True Football Supporter Should Experience Hero 4	Revisit unforgettable World Cup moments that inspired football supporters across generations. This collection highlights memorable football action, remarkable teamwork, tactical brilliance, and exciting match moments presented in the Hero 4 edition.	football,world cup,international,tournament,history,soccer,football highlights,match action,hero-4	Football	World Cup Memories	Public
video69.mp4	Derby Rivalries Every True Football Supporter Should Experience Infinity 4	Feel the excitement of fierce local rivalries where every challenge and goal mattered. This collection highlights memorable football action, remarkable teamwork, tactical brilliance, and exciting match moments presented in the Infinity 4 edition.	football,derby,rivalry,passion,stadium,soccer,football highlights,match action,infinity-4	Football	Derby Rivalries	Public
video70.mp4	Attacking Football Every True Football Supporter Should Experience Jubilee 4	Enjoy fast attacking moves, creative passing, and exciting finishes from elite teams. This collection highlights memorable football action, remarkable teamwork, tactical brilliance, and exciting match moments presented in the Jubilee 4 edition.	football,attack,passing,goals,offense,soccer,football highlights,match action,jubilee-4	Football	Attacking Football	Public
video71.mp4	Greatest Comebacks Every True Football Supporter Should Experience Kingdom 4	Relive dramatic football comebacks where determination, teamwork, and belief transformed difficult matches into unforgettable victories. This collection highlights memorable football action, remarkable teamwork, tactical brilliance, and exciting match moments presented in the Kingdom 4 edition.	football,comeback,soccer,epic matches,resilience,teamwork,football highlights,match action,kingdom-4	Football	Greatest Comebacks	Public
video72.mp4	Brilliant Solo Goals Every True Football Supporter Should Experience Legacy 4	Watch breathtaking solo goals created through exceptional dribbling, speed, balance, and clinical finishing. This collection highlights memorable football action, remarkable teamwork, tactical brilliance, and exciting match moments presented in the Legacy 4 edition.	football,solo goals,dribbling,finishing,skills,soccer,football highlights,match action,legacy-4	Football	Brilliant Solo Goals	Public
video73.mp4	Midfield Masterclasses Every True Football Supporter Should Experience Momentum 4	Discover how elite midfielders controlled the tempo, created chances, and inspired their teams. This collection highlights memorable football action, remarkable teamwork, tactical brilliance, and exciting match moments presented in the Momentum 4 edition.	football,midfield,playmaking,vision,passing,soccer,football highlights,match action,momentum-4	Football	Midfield Masterclasses	Public
video74.mp4	Goalkeeping Saves Every True Football Supporter Should Experience Nova 4	Enjoy spectacular saves from world-class goalkeepers who protected their teams under pressure. This collection highlights memorable football action, remarkable teamwork, tactical brilliance, and exciting match moments presented in the Nova 4 edition.	football,goalkeeper,saves,reflexes,clean sheets,soccer,football highlights,match action,nova-4	Football	Goalkeeping Saves	Public
video75.mp4	Defensive Excellence Every True Football Supporter Should Experience Olympus 4	See perfectly timed tackles, blocks, interceptions, and disciplined defending from top players. This collection highlights memorable football action, remarkable teamwork, tactical brilliance, and exciting match moments presented in the Olympus 4 edition.	football,defending,tackles,interceptions,defense,soccer,football highlights,match action,olympus-4	Football	Defensive Excellence	Public
video76.mp4	Free Kick Magic Every True Football Supporter Should Experience Phoenix 4	Experience stunning free kicks curled into the net with remarkable precision and technique. This collection highlights memorable football action, remarkable teamwork, tactical brilliance, and exciting match moments presented in the Phoenix 4 edition.	football,free kicks,set pieces,precision,goals,soccer,football highlights,match action,phoenix-4	Football	Free Kick Magic	Public
video77.mp4	Champions League Nights Every True Football Supporter Should Experience Quantum 4	Celebrate unforgettable European football nights filled with passion, intensity, and iconic moments. This collection highlights memorable football action, remarkable teamwork, tactical brilliance, and exciting match moments presented in the Quantum 4 edition.	football,champions league,europe,highlights,elite,soccer,football highlights,match action,quantum-4	Football	Champions League Nights	Public
video78.mp4	World Cup Memories Every True Football Supporter Should Experience Royal 4	Revisit unforgettable World Cup moments that inspired football supporters across generations. This collection highlights memorable football action, remarkable teamwork, tactical brilliance, and exciting match moments presented in the Royal 4 edition.	football,world cup,international,tournament,history,soccer,football highlights,match action,royal-4	Football	World Cup Memories	Public
video79.mp4	Derby Rivalries Every True Football Supporter Should Experience Summit 4	Feel the excitement of fierce local rivalries where every challenge and goal mattered. This collection highlights memorable football action, remarkable teamwork, tactical brilliance, and exciting match moments presented in the Summit 4 edition.	football,derby,rivalry,passion,stadium,soccer,football highlights,match action,summit-4	Football	Derby Rivalries	Public
video80.mp4	Attacking Football Every True Football Supporter Should Experience Titan 4	Enjoy fast attacking moves, creative passing, and exciting finishes from elite teams. This collection highlights memorable football action, remarkable teamwork, tactical brilliance, and exciting match moments presented in the Titan 4 edition.	football,attack,passing,goals,offense,soccer,football highlights,match action,titan-4	Football	Attacking Football	Public
video81.mp4	Greatest Comebacks Every True Football Supporter Should Experience Alpha 5	Relive dramatic football comebacks where determination, teamwork, and belief transformed difficult matches into unforgettable victories. This collection highlights memorable football action, remarkable teamwork, tactical brilliance, and exciting match moments presented in the Alpha 5 edition.	football,comeback,soccer,epic matches,resilience,teamwork,football highlights,match action,alpha-5	Football	Greatest Comebacks	Public
video82.mp4	Brilliant Solo Goals Every True Football Supporter Should Experience Bravo 5	Watch breathtaking solo goals created through exceptional dribbling, speed, balance, and clinical finishing. This collection highlights memorable football action, remarkable teamwork, tactical brilliance, and exciting match moments presented in the Bravo 5 edition.	football,solo goals,dribbling,finishing,skills,soccer,football highlights,match action,bravo-5	Football	Brilliant Solo Goals	Public
video83.mp4	Midfield Masterclasses Every True Football Supporter Should Experience Crimson 5	Discover how elite midfielders controlled the tempo, created chances, and inspired their teams. This collection highlights memorable football action, remarkable teamwork, tactical brilliance, and exciting match moments presented in the Crimson 5 edition.	football,midfield,playmaking,vision,passing,soccer,football highlights,match action,crimson-5	Football	Midfield Masterclasses	Public
video84.mp4	Goalkeeping Saves Every True Football Supporter Should Experience Diamond 5	Enjoy spectacular saves from world-class goalkeepers who protected their teams under pressure. This collection highlights memorable football action, remarkable teamwork, tactical brilliance, and exciting match moments presented in the Diamond 5 edition.	football,goalkeeper,saves,reflexes,clean sheets,soccer,football highlights,match action,diamond-5	Football	Goalkeeping Saves	Public
video85.mp4	Defensive Excellence Every True Football Supporter Should Experience Emerald 5	See perfectly timed tackles, blocks, interceptions, and disciplined defending from top players. This collection highlights memorable football action, remarkable teamwork, tactical brilliance, and exciting match moments presented in the Emerald 5 edition.	football,defending,tackles,interceptions,defense,soccer,football highlights,match action,emerald-5	Football	Defensive Excellence	Public
video86.mp4	Free Kick Magic Every True Football Supporter Should Experience Falcon 5	Experience stunning free kicks curled into the net with remarkable precision and technique. This collection highlights memorable football action, remarkable teamwork, tactical brilliance, and exciting match moments presented in the Falcon 5 edition.	football,free kicks,set pieces,precision,goals,soccer,football highlights,match action,falcon-5	Football	Free Kick Magic	Public
video87.mp4	Champions League Nights Every True Football Supporter Should Experience Galaxy 5	Celebrate unforgettable European football nights filled with passion, intensity, and iconic moments. This collection highlights memorable football action, remarkable teamwork, tactical brilliance, and exciting match moments presented in the Galaxy 5 edition.	football,champions league,europe,highlights,elite,soccer,football highlights,match action,galaxy-5	Football	Champions League Nights	Public
video88.mp4	World Cup Memories Every True Football Supporter Should Experience Hero 5	Revisit unforgettable World Cup moments that inspired football supporters across generations. This collection highlights memorable football action, remarkable teamwork, tactical brilliance, and exciting match moments presented in the Hero 5 edition.	football,world cup,international,tournament,history,soccer,football highlights,match action,hero-5	Football	World Cup Memories	Public
video89.mp4	Derby Rivalries Every True Football Supporter Should Experience Infinity 5	Feel the excitement of fierce local rivalries where every challenge and goal mattered. This collection highlights memorable football action, remarkable teamwork, tactical brilliance, and exciting match moments presented in the Infinity 5 edition.	football,derby,rivalry,passion,stadium,soccer,football highlights,match action,infinity-5	Football	Derby Rivalries	Public
video90.mp4	Attacking Football Every True Football Supporter Should Experience Jubilee 5	Enjoy fast attacking moves, creative passing, and exciting finishes from elite teams. This collection highlights memorable football action, remarkable teamwork, tactical brilliance, and exciting match moments presented in the Jubilee 5 edition.	football,attack,passing,goals,offense,soccer,football highlights,match action,jubilee-5	Football	Attacking Football	Public
video91.mp4	Greatest Comebacks Every True Football Supporter Should Experience Kingdom 5	Relive dramatic football comebacks where determination, teamwork, and belief transformed difficult matches into unforgettable victories. This collection highlights memorable football action, remarkable teamwork, tactical brilliance, and exciting match moments presented in the Kingdom 5 edition.	football,comeback,soccer,epic matches,resilience,teamwork,football highlights,match action,kingdom-5	Football	Greatest Comebacks	Public
video92.mp4	Brilliant Solo Goals Every True Football Supporter Should Experience Legacy 5	Watch breathtaking solo goals created through exceptional dribbling, speed, balance, and clinical finishing. This collection highlights memorable football action, remarkable teamwork, tactical brilliance, and exciting match moments presented in the Legacy 5 edition.	football,solo goals,dribbling,finishing,skills,soccer,football highlights,match action,legacy-5	Football	Brilliant Solo Goals	Public
video93.mp4	Midfield Masterclasses Every True Football Supporter Should Experience Momentum 5	Discover how elite midfielders controlled the tempo, created chances, and inspired their teams. This collection highlights memorable football action, remarkable teamwork, tactical brilliance, and exciting match moments presented in the Momentum 5 edition.	football,midfield,playmaking,vision,passing,soccer,football highlights,match action,momentum-5	Football	Midfield Masterclasses	Public
video94.mp4	Goalkeeping Saves Every True Football Supporter Should Experience Nova 5	Enjoy spectacular saves from world-class goalkeepers who protected their teams under pressure. This collection highlights memorable football action, remarkable teamwork, tactical brilliance, and exciting match moments presented in the Nova 5 edition.	football,goalkeeper,saves,reflexes,clean sheets,soccer,football highlights,match action,nova-5	Football	Goalkeeping Saves	Public
video95.mp4	Defensive Excellence Every True Football Supporter Should Experience Olympus 5	See perfectly timed tackles, blocks, interceptions, and disciplined defending from top players. This collection highlights memorable football action, remarkable teamwork, tactical brilliance, and exciting match moments presented in the Olympus 5 edition.	football,defending,tackles,interceptions,defense,soccer,football highlights,match action,olympus-5	Football	Defensive Excellence	Public
video96.mp4	Free Kick Magic Every True Football Supporter Should Experience Phoenix 5	Experience stunning free kicks curled into the net with remarkable precision and technique. This collection highlights memorable football action, remarkable teamwork, tactical brilliance, and exciting match moments presented in the Phoenix 5 edition.	football,free kicks,set pieces,precision,goals,soccer,football highlights,match action,phoenix-5	Football	Free Kick Magic	Public
video97.mp4	Champions League Nights Every True Football Supporter Should Experience Quantum 5	Celebrate unforgettable European football nights filled with passion, intensity, and iconic moments. This collection highlights memorable football action, remarkable teamwork, tactical brilliance, and exciting match moments presented in the Quantum 5 edition.	football,champions league,europe,highlights,elite,soccer,football highlights,match action,quantum-5	Football	Champions League Nights	Public
video98.mp4	World Cup Memories Every True Football Supporter Should Experience Royal 5	Revisit unforgettable World Cup moments that inspired football supporters across generations. This collection highlights memorable football action, remarkable teamwork, tactical brilliance, and exciting match moments presented in the Royal 5 edition.	football,world cup,international,tournament,history,soccer,football highlights,match action,royal-5	Football	World Cup Memories	Public
video99.mp4	Derby Rivalries Every True Football Supporter Should Experience Summit 5	Feel the excitement of fierce local rivalries where every challenge and goal mattered. This collection highlights memorable football action, remarkable teamwork, tactical brilliance, and exciting match moments presented in the Summit 5 edition.	football,derby,rivalry,passion,stadium,soccer,football highlights,match action,summit-5	Football	Derby Rivalries	Public
video100.mp4	Attacking Football Every True Football Supporter Should Experience Titan 5	Enjoy fast attacking moves, creative passing, and exciting finishes from elite teams. This collection highlights memorable football action, remarkable teamwork, tactical brilliance, and exciting match moments presented in the Titan 5 edition.	football,attack,passing,goals,offense,soccer,football highlights,match action,titan-5	Football	Attacking Football	Public
video101.mp4	Greatest Comebacks Every True Football Supporter Should Experience Alpha 6	Relive dramatic football comebacks where determination, teamwork, and belief transformed difficult matches into unforgettable victories. This collection highlights memorable football action, remarkable teamwork, tactical brilliance, and exciting match moments presented in the Alpha 6 edition.	football,comeback,soccer,epic matches,resilience,teamwork,football highlights,match action,alpha-6	Football	Greatest Comebacks	Public
video102.mp4	Brilliant Solo Goals Every True Football Supporter Should Experience Bravo 6	Watch breathtaking solo goals created through exceptional dribbling, speed, balance, and clinical finishing. This collection highlights memorable football action, remarkable teamwork, tactical brilliance, and exciting match moments presented in the Bravo 6 edition.	football,solo goals,dribbling,finishing,skills,soccer,football highlights,match action,bravo-6	Football	Brilliant Solo Goals	Public
video103.mp4	Midfield Masterclasses Every True Football Supporter Should Experience Crimson 6	Discover how elite midfielders controlled the tempo, created chances, and inspired their teams. This collection highlights memorable football action, remarkable teamwork, tactical brilliance, and exciting match moments presented in the Crimson 6 edition.	football,midfield,playmaking,vision,passing,soccer,football highlights,match action,crimson-6	Football	Midfield Masterclasses	Public
video104.mp4	Goalkeeping Saves Every True Football Supporter Should Experience Diamond 6	Enjoy spectacular saves from world-class goalkeepers who protected their teams under pressure. This collection highlights memorable football action, remarkable teamwork, tactical brilliance, and exciting match moments presented in the Diamond 6 edition.	football,goalkeeper,saves,reflexes,clean sheets,soccer,football highlights,match action,diamond-6	Football	Goalkeeping Saves	Public
video105.mp4	Defensive Excellence Every True Football Supporter Should Experience Emerald 6	See perfectly timed tackles, blocks, interceptions, and disciplined defending from top players. This collection highlights memorable football action, remarkable teamwork, tactical brilliance, and exciting match moments presented in the Emerald 6 edition.	football,defending,tackles,interceptions,defense,soccer,football highlights,match action,emerald-6	Football	Defensive Excellence	Public
video106.mp4	Free Kick Magic Every True Football Supporter Should Experience Falcon 6	Experience stunning free kicks curled into the net with remarkable precision and technique. This collection highlights memorable football action, remarkable teamwork, tactical brilliance, and exciting match moments presented in the Falcon 6 edition.	football,free kicks,set pieces,precision,goals,soccer,football highlights,match action,falcon-6	Football	Free Kick Magic	Public
video107.mp4	Champions League Nights Every True Football Supporter Should Experience Galaxy 6	Celebrate unforgettable European football nights filled with passion, intensity, and iconic moments. This collection highlights memorable football action, remarkable teamwork, tactical brilliance, and exciting match moments presented in the Galaxy 6 edition.	football,champions league,europe,highlights,elite,soccer,football highlights,match action,galaxy-6	Football	Champions League Nights	Public
video108.mp4	World Cup Memories Every True Football Supporter Should Experience Hero 6	Revisit unforgettable World Cup moments that inspired football supporters across generations. This collection highlights memorable football action, remarkable teamwork, tactical brilliance, and exciting match moments presented in the Hero 6 edition.	football,world cup,international,tournament,history,soccer,football highlights,match action,hero-6	Football	World Cup Memories	Public
video109.mp4	Derby Rivalries Every True Football Supporter Should Experience Infinity 6	Feel the excitement of fierce local rivalries where every challenge and goal mattered. This collection highlights memorable football action, remarkable teamwork, tactical brilliance, and exciting match moments presented in the Infinity 6 edition.	football,derby,rivalry,passion,stadium,soccer,football highlights,match action,infinity-6	Football	Derby Rivalries	Public
video110.mp4	Attacking Football Every True Football Supporter Should Experience Jubilee 6	Enjoy fast attacking moves, creative passing, and exciting finishes from elite teams. This collection highlights memorable football action, remarkable teamwork, tactical brilliance, and exciting match moments presented in the Jubilee 6 edition.	football,attack,passing,goals,offense,soccer,football highlights,match action,jubilee-6	Football	Attacking Football	Public
video111.mp4	Greatest Comebacks Every True Football Supporter Should Experience Kingdom 6	Relive dramatic football comebacks where determination, teamwork, and belief transformed difficult matches into unforgettable victories. This collection highlights memorable football action, remarkable teamwork, tactical brilliance, and exciting match moments presented in the Kingdom 6 edition.	football,comeback,soccer,epic matches,resilience,teamwork,football highlights,match action,kingdom-6	Football	Greatest Comebacks	Public
video112.mp4	Brilliant Solo Goals Every True Football Supporter Should Experience Legacy 6	Watch breathtaking solo goals created through exceptional dribbling, speed, balance, and clinical finishing. This collection highlights memorable football action, remarkable teamwork, tactical brilliance, and exciting match moments presented in the Legacy 6 edition.	football,solo goals,dribbling,finishing,skills,soccer,football highlights,match action,legacy-6	Football	Brilliant Solo Goals	Public
video113.mp4	Midfield Masterclasses Every True Football Supporter Should Experience Momentum 6	Discover how elite midfielders controlled the tempo, created chances, and inspired their teams. This collection highlights memorable football action, remarkable teamwork, tactical brilliance, and exciting match moments presented in the Momentum 6 edition.	football,midfield,playmaking,vision,passing,soccer,football highlights,match action,momentum-6	Football	Midfield Masterclasses	Public
video114.mp4	Goalkeeping Saves Every True Football Supporter Should Experience Nova 6	Enjoy spectacular saves from world-class goalkeepers who protected their teams under pressure. This collection highlights memorable football action, remarkable teamwork, tactical brilliance, and exciting match moments presented in the Nova 6 edition.	football,goalkeeper,saves,reflexes,clean sheets,soccer,football highlights,match action,nova-6	Football	Goalkeeping Saves	Public
video115.mp4	Defensive Excellence Every True Football Supporter Should Experience Olympus 6	See perfectly timed tackles, blocks, interceptions, and disciplined defending from top players. This collection highlights memorable football action, remarkable teamwork, tactical brilliance, and exciting match moments presented in the Olympus 6 edition.	football,defending,tackles,interceptions,defense,soccer,football highlights,match action,olympus-6	Football	Defensive Excellence	Public
video116.mp4	Free Kick Magic Every True Football Supporter Should Experience Phoenix 6	Experience stunning free kicks curled into the net with remarkable precision and technique. This collection highlights memorable football action, remarkable teamwork, tactical brilliance, and exciting match moments presented in the Phoenix 6 edition.	football,free kicks,set pieces,precision,goals,soccer,football highlights,match action,phoenix-6	Football	Free Kick Magic	Public
video117.mp4	Champions League Nights Every True Football Supporter Should Experience Quantum 6	Celebrate unforgettable European football nights filled with passion, intensity, and iconic moments. This collection highlights memorable football action, remarkable teamwork, tactical brilliance, and exciting match moments presented in the Quantum 6 edition.	football,champions league,europe,highlights,elite,soccer,football highlights,match action,quantum-6	Football	Champions League Nights	Public
video118.mp4	World Cup Memories Every True Football Supporter Should Experience Royal 6	Revisit unforgettable World Cup moments that inspired football supporters across generations. This collection highlights memorable football action, remarkable teamwork, tactical brilliance, and exciting match moments presented in the Royal 6 edition.	football,world cup,international,tournament,history,soccer,football highlights,match action,royal-6	Football	World Cup Memories	Public
video119.mp4	Derby Rivalries Every True Football Supporter Should Experience Summit 6	Feel the excitement of fierce local rivalries where every challenge and goal mattered. This collection highlights memorable football action, remarkable teamwork, tactical brilliance, and exciting match moments presented in the Summit 6 edition.	football,derby,rivalry,passion,stadium,soccer,football highlights,match action,summit-6	Football	Derby Rivalries	Public
video120.mp4	Attacking Football Every True Football Supporter Should Experience Titan 6	Enjoy fast attacking moves, creative passing, and exciting finishes from elite teams. This collection highlights memorable football action, remarkable teamwork, tactical brilliance, and exciting match moments presented in the Titan 6 edition.	football,attack,passing,goals,offense,soccer,football highlights,match action,titan-6	Football	Attacking Football	Public
video121.mp4	Greatest Comebacks Every True Football Supporter Should Experience Alpha 7	Relive dramatic football comebacks where determination, teamwork, and belief transformed difficult matches into unforgettable victories. This collection highlights memorable football action, remarkable teamwork, tactical brilliance, and exciting match moments presented in the Alpha 7 edition.	football,comeback,soccer,epic matches,resilience,teamwork,football highlights,match action,alpha-7	Football	Greatest Comebacks	Public
video122.mp4	Brilliant Solo Goals Every True Football Supporter Should Experience Bravo 7	Watch breathtaking solo goals created through exceptional dribbling, speed, balance, and clinical finishing. This collection highlights memorable football action, remarkable teamwork, tactical brilliance, and exciting match moments presented in the Bravo 7 edition.	football,solo goals,dribbling,finishing,skills,soccer,football highlights,match action,bravo-7	Football	Brilliant Solo Goals	Public
video123.mp4	Midfield Masterclasses Every True Football Supporter Should Experience Crimson 7	Discover how elite midfielders controlled the tempo, created chances, and inspired their teams. This collection highlights memorable football action, remarkable teamwork, tactical brilliance, and exciting match moments presented in the Crimson 7 edition.	football,midfield,playmaking,vision,passing,soccer,football highlights,match action,crimson-7	Football	Midfield Masterclasses	Public
video124.mp4	Goalkeeping Saves Every True Football Supporter Should Experience Diamond 7	Enjoy spectacular saves from world-class goalkeepers who protected their teams under pressure. This collection highlights memorable football action, remarkable teamwork, tactical brilliance, and exciting match moments presented in the Diamond 7 edition.	football,goalkeeper,saves,reflexes,clean sheets,soccer,football highlights,match action,diamond-7	Football	Goalkeeping Saves	Public
video125.mp4	Defensive Excellence Every True Football Supporter Should Experience Emerald 7	See perfectly timed tackles, blocks, interceptions, and disciplined defending from top players. This collection highlights memorable football action, remarkable teamwork, tactical brilliance, and exciting match moments presented in the Emerald 7 edition.	football,defending,tackles,interceptions,defense,soccer,football highlights,match action,emerald-7	Football	Defensive Excellence	Public
video126.mp4	Free Kick Magic Every True Football Supporter Should Experience Falcon 7	Experience stunning free kicks curled into the net with remarkable precision and technique. This collection highlights memorable football action, remarkable teamwork, tactical brilliance, and exciting match moments presented in the Falcon 7 edition.	football,free kicks,set pieces,precision,goals,soccer,football highlights,match action,falcon-7	Football	Free Kick Magic	Public
video127.mp4	Champions League Nights Every True Football Supporter Should Experience Galaxy 7	Celebrate unforgettable European football nights filled with passion, intensity, and iconic moments. This collection highlights memorable football action, remarkable teamwork, tactical brilliance, and exciting match moments presented in the Galaxy 7 edition.	football,champions league,europe,highlights,elite,soccer,football highlights,match action,galaxy-7	Football	Champions League Nights	Public
video128.mp4	World Cup Memories Every True Football Supporter Should Experience Hero 7	Revisit unforgettable World Cup moments that inspired football supporters across generations. This collection highlights memorable football action, remarkable teamwork, tactical brilliance, and exciting match moments presented in the Hero 7 edition.	football,world cup,international,tournament,history,soccer,football highlights,match action,hero-7	Football	World Cup Memories	Public
video129.mp4	Derby Rivalries Every True Football Supporter Should Experience Infinity 7	Feel the excitement of fierce local rivalries where every challenge and goal mattered. This collection highlights memorable football action, remarkable teamwork, tactical brilliance, and exciting match moments presented in the Infinity 7 edition.	football,derby,rivalry,passion,stadium,soccer,football highlights,match action,infinity-7	Football	Derby Rivalries	Public
video130.mp4	Attacking Football Every True Football Supporter Should Experience Jubilee 7	Enjoy fast attacking moves, creative passing, and exciting finishes from elite teams. This collection highlights memorable football action, remarkable teamwork, tactical brilliance, and exciting match moments presented in the Jubilee 7 edition.	football,attack,passing,goals,offense,soccer,football highlights,match action,jubilee-7	Football	Attacking Football	Public
video131.mp4	Greatest Comebacks Every True Football Supporter Should Experience Kingdom 7	Relive dramatic football comebacks where determination, teamwork, and belief transformed difficult matches into unforgettable victories. This collection highlights memorable football action, remarkable teamwork, tactical brilliance, and exciting match moments presented in the Kingdom 7 edition.	football,comeback,soccer,epic matches,resilience,teamwork,football highlights,match action,kingdom-7	Football	Greatest Comebacks	Public
video132.mp4	Brilliant Solo Goals Every True Football Supporter Should Experience Legacy 7	Watch breathtaking solo goals created through exceptional dribbling, speed, balance, and clinical finishing. This collection highlights memorable football action, remarkable teamwork, tactical brilliance, and exciting match moments presented in the Legacy 7 edition.	football,solo goals,dribbling,finishing,skills,soccer,football highlights,match action,legacy-7	Football	Brilliant Solo Goals	Public
video133.mp4	Midfield Masterclasses Every True Football Supporter Should Experience Momentum 7	Discover how elite midfielders controlled the tempo, created chances, and inspired their teams. This collection highlights memorable football action, remarkable teamwork, tactical brilliance, and exciting match moments presented in the Momentum 7 edition.	football,midfield,playmaking,vision,passing,soccer,football highlights,match action,momentum-7	Football	Midfield Masterclasses	Public
video134.mp4	Goalkeeping Saves Every True Football Supporter Should Experience Nova 7	Enjoy spectacular saves from world-class goalkeepers who protected their teams under pressure. This collection highlights memorable football action, remarkable teamwork, tactical brilliance, and exciting match moments presented in the Nova 7 edition.	football,goalkeeper,saves,reflexes,clean sheets,soccer,football highlights,match action,nova-7	Football	Goalkeeping Saves	Public
video135.mp4	Defensive Excellence Every True Football Supporter Should Experience Olympus 7	See perfectly timed tackles, blocks, interceptions, and disciplined defending from top players. This collection highlights memorable football action, remarkable teamwork, tactical brilliance, and exciting match moments presented in the Olympus 7 edition.	football,defending,tackles,interceptions,defense,soccer,football highlights,match action,olympus-7	Football	Defensive Excellence	Public
video136.mp4	Free Kick Magic Every True Football Supporter Should Experience Phoenix 7	Experience stunning free kicks curled into the net with remarkable precision and technique. This collection highlights memorable football action, remarkable teamwork, tactical brilliance, and exciting match moments presented in the Phoenix 7 edition.	football,free kicks,set pieces,precision,goals,soccer,football highlights,match action,phoenix-7	Football	Free Kick Magic	Public
video137.mp4	Champions League Nights Every True Football Supporter Should Experience Quantum 7	Celebrate unforgettable European football nights filled with passion, intensity, and iconic moments. This collection highlights memorable football action, remarkable teamwork, tactical brilliance, and exciting match moments presented in the Quantum 7 edition.	football,champions league,europe,highlights,elite,soccer,football highlights,match action,quantum-7	Football	Champions League Nights	Public
video138.mp4	World Cup Memories Every True Football Supporter Should Experience Royal 7	Revisit unforgettable World Cup moments that inspired football supporters across generations. This collection highlights memorable football action, remarkable teamwork, tactical brilliance, and exciting match moments presented in the Royal 7 edition.	football,world cup,international,tournament,history,soccer,football highlights,match action,royal-7	Football	World Cup Memories	Public
video139.mp4	Derby Rivalries Every True Football Supporter Should Experience Summit 7	Feel the excitement of fierce local rivalries where every challenge and goal mattered. This collection highlights memorable football action, remarkable teamwork, tactical brilliance, and exciting match moments presented in the Summit 7 edition.	football,derby,rivalry,passion,stadium,soccer,football highlights,match action,summit-7	Football	Derby Rivalries	Public
video140.mp4	Attacking Football Every True Football Supporter Should Experience Titan 7	Enjoy fast attacking moves, creative passing, and exciting finishes from elite teams. This collection highlights memorable football action, remarkable teamwork, tactical brilliance, and exciting match moments presented in the Titan 7 edition.	football,attack,passing,goals,offense,soccer,football highlights,match action,titan-7	Football	Attacking Football	Public
video141.mp4	Greatest Comebacks Every True Football Supporter Should Experience Alpha 8	Relive dramatic football comebacks where determination, teamwork, and belief transformed difficult matches into unforgettable victories. This collection highlights memorable football action, remarkable teamwork, tactical brilliance, and exciting match moments presented in the Alpha 8 edition.	football,comeback,soccer,epic matches,resilience,teamwork,football highlights,match action,alpha-8	Football	Greatest Comebacks	Public
video142.mp4	Brilliant Solo Goals Every True Football Supporter Should Experience Bravo 8	Watch breathtaking solo goals created through exceptional dribbling, speed, balance, and clinical finishing. This collection highlights memorable football action, remarkable teamwork, tactical brilliance, and exciting match moments presented in the Bravo 8 edition.	football,solo goals,dribbling,finishing,skills,soccer,football highlights,match action,bravo-8	Football	Brilliant Solo Goals	Public
video143.mp4	Midfield Masterclasses Every True Football Supporter Should Experience Crimson 8	Discover how elite midfielders controlled the tempo, created chances, and inspired their teams. This collection highlights memorable football action, remarkable teamwork, tactical brilliance, and exciting match moments presented in the Crimson 8 edition.	football,midfield,playmaking,vision,passing,soccer,football highlights,match action,crimson-8	Football	Midfield Masterclasses	Public
video144.mp4	Goalkeeping Saves Every True Football Supporter Should Experience Diamond 8	Enjoy spectacular saves from world-class goalkeepers who protected their teams under pressure. This collection highlights memorable football action, remarkable teamwork, tactical brilliance, and exciting match moments presented in the Diamond 8 edition.	football,goalkeeper,saves,reflexes,clean sheets,soccer,football highlights,match action,diamond-8	Football	Goalkeeping Saves	Public
video145.mp4	Defensive Excellence Every True Football Supporter Should Experience Emerald 8	See perfectly timed tackles, blocks, interceptions, and disciplined defending from top players. This collection highlights memorable football action, remarkable teamwork, tactical brilliance, and exciting match moments presented in the Emerald 8 edition.	football,defending,tackles,interceptions,defense,soccer,football highlights,match action,emerald-8	Football	Defensive Excellence	Public
video146.mp4	Free Kick Magic Every True Football Supporter Should Experience Falcon 8	Experience stunning free kicks curled into the net with remarkable precision and technique. This collection highlights memorable football action, remarkable teamwork, tactical brilliance, and exciting match moments presented in the Falcon 8 edition.	football,free kicks,set pieces,precision,goals,soccer,football highlights,match action,falcon-8	Football	Free Kick Magic	Public
video147.mp4	Champions League Nights Every True Football Supporter Should Experience Galaxy 8	Celebrate unforgettable European football nights filled with passion, intensity, and iconic moments. This collection highlights memorable football action, remarkable teamwork, tactical brilliance, and exciting match moments presented in the Galaxy 8 edition.	football,champions league,europe,highlights,elite,soccer,football highlights,match action,galaxy-8	Football	Champions League Nights	Public
video148.mp4	World Cup Memories Every True Football Supporter Should Experience Hero 8	Revisit unforgettable World Cup moments that inspired football supporters across generations. This collection highlights memorable football action, remarkable teamwork, tactical brilliance, and exciting match moments presented in the Hero 8 edition.	football,world cup,international,tournament,history,soccer,football highlights,match action,hero-8	Football	World Cup Memories	Public
video149.mp4	Derby Rivalries Every True Football Supporter Should Experience Infinity 8	Feel the excitement of fierce local rivalries where every challenge and goal mattered. This collection highlights memorable football action, remarkable teamwork, tactical brilliance, and exciting match moments presented in the Infinity 8 edition.	football,derby,rivalry,passion,stadium,soccer,football highlights,match action,infinity-8	Football	Derby Rivalries	Public
video150.mp4	Attacking Football Every True Football Supporter Should Experience Jubilee 8	Enjoy fast attacking moves, creative passing, and exciting finishes from elite teams. This collection highlights memorable football action, remarkable teamwork, tactical brilliance, and exciting match moments presented in the Jubilee 8 edition.	football,attack,passing,goals,offense,soccer,football highlights,match action,jubilee-8	Football	Attacking Football	Public
video151.mp4	Greatest Comebacks Every True Football Supporter Should Experience Kingdom 8	Relive dramatic football comebacks where determination, teamwork, and belief transformed difficult matches into unforgettable victories. This collection highlights memorable football action, remarkable teamwork, tactical brilliance, and exciting match moments presented in the Kingdom 8 edition.	football,comeback,soccer,epic matches,resilience,teamwork,football highlights,match action,kingdom-8	Football	Greatest Comebacks	Public
video152.mp4	Brilliant Solo Goals Every True Football Supporter Should Experience Legacy 8	Watch breathtaking solo goals created through exceptional dribbling, speed, balance, and clinical finishing. This collection highlights memorable football action, remarkable teamwork, tactical brilliance, and exciting match moments presented in the Legacy 8 edition.	football,solo goals,dribbling,finishing,skills,soccer,football highlights,match action,legacy-8	Football	Brilliant Solo Goals	Public
video153.mp4	Midfield Masterclasses Every True Football Supporter Should Experience Momentum 8	Discover how elite midfielders controlled the tempo, created chances, and inspired their teams. This collection highlights memorable football action, remarkable teamwork, tactical brilliance, and exciting match moments presented in the Momentum 8 edition.	football,midfield,playmaking,vision,passing,soccer,football highlights,match action,momentum-8	Football	Midfield Masterclasses	Public
video154.mp4	Goalkeeping Saves Every True Football Supporter Should Experience Nova 8	Enjoy spectacular saves from world-class goalkeepers who protected their teams under pressure. This collection highlights memorable football action, remarkable teamwork, tactical brilliance, and exciting match moments presented in the Nova 8 edition.	football,goalkeeper,saves,reflexes,clean sheets,soccer,football highlights,match action,nova-8	Football	Goalkeeping Saves	Public
video155.mp4	Defensive Excellence Every True Football Supporter Should Experience Olympus 8	See perfectly timed tackles, blocks, interceptions, and disciplined defending from top players. This collection highlights memorable football action, remarkable teamwork, tactical brilliance, and exciting match moments presented in the Olympus 8 edition.	football,defending,tackles,interceptions,defense,soccer,football highlights,match action,olympus-8	Football	Defensive Excellence	Public
video156.mp4	Free Kick Magic Every True Football Supporter Should Experience Phoenix 8	Experience stunning free kicks curled into the net with remarkable precision and technique. This collection highlights memorable football action, remarkable teamwork, tactical brilliance, and exciting match moments presented in the Phoenix 8 edition.	football,free kicks,set pieces,precision,goals,soccer,football highlights,match action,phoenix-8	Football	Free Kick Magic	Public
video157.mp4	Champions League Nights Every True Football Supporter Should Experience Quantum 8	Celebrate unforgettable European football nights filled with passion, intensity, and iconic moments. This collection highlights memorable football action, remarkable teamwork, tactical brilliance, and exciting match moments presented in the Quantum 8 edition.	football,champions league,europe,highlights,elite,soccer,football highlights,match action,quantum-8	Football	Champions League Nights	Public
video158.mp4	World Cup Memories Every True Football Supporter Should Experience Royal 8	Revisit unforgettable World Cup moments that inspired football supporters across generations. This collection highlights memorable football action, remarkable teamwork, tactical brilliance, and exciting match moments presented in the Royal 8 edition.	football,world cup,international,tournament,history,soccer,football highlights,match action,royal-8	Football	World Cup Memories	Public
video159.mp4	Derby Rivalries Every True Football Supporter Should Experience Summit 8	Feel the excitement of fierce local rivalries where every challenge and goal mattered. This collection highlights memorable football action, remarkable teamwork, tactical brilliance, and exciting match moments presented in the Summit 8 edition.	football,derby,rivalry,passion,stadium,soccer,football highlights,match action,summit-8	Football	Derby Rivalries	Public
video160.mp4	Attacking Football Every True Football Supporter Should Experience Titan 8	Enjoy fast attacking moves, creative passing, and exciting finishes from elite teams. This collection highlights memorable football action, remarkable teamwork, tactical brilliance, and exciting match moments presented in the Titan 8 edition.	football,attack,passing,goals,offense,soccer,football highlights,match action,titan-8	Football	Attacking Football	Public
video161.mp4	Greatest Comebacks Every True Football Supporter Should Experience Alpha 9	Relive dramatic football comebacks where determination, teamwork, and belief transformed difficult matches into unforgettable victories. This collection highlights memorable football action, remarkable teamwork, tactical brilliance, and exciting match moments presented in the Alpha 9 edition.	football,comeback,soccer,epic matches,resilience,teamwork,football highlights,match action,alpha-9	Football	Greatest Comebacks	Public
video162.mp4	Brilliant Solo Goals Every True Football Supporter Should Experience Bravo 9	Watch breathtaking solo goals created through exceptional dribbling, speed, balance, and clinical finishing. This collection highlights memorable football action, remarkable teamwork, tactical brilliance, and exciting match moments presented in the Bravo 9 edition.	football,solo goals,dribbling,finishing,skills,soccer,football highlights,match action,bravo-9	Football	Brilliant Solo Goals	Public

